anchor_run,numerator,numerator_us,denominator,denominator_us,share_pct,comparable,note
liteprof_v1_torch_uni_a321_chip15_20260914T2142Z,tokenizer: encode (同装置同 run),524.9,http: create_completion (前端整请求),583214.6,0.09,yes,同进程同装置，唯一可直接相除的一行
liteprof_v1_torch_uni_a321_chip15_20260914T2142Z,tokenizer: encode (同装置同 run),524.9,Step:Model prefill (引擎侧 TTFT 下界),199205.6,0.2635,yes,跨进程但在同一台机器、同一次运行内
liteprof_v1_torch_uni_a321_chip15_20260914T2142Z,"encode@128 (本机容器, ISL=128)",283.161,"Step:Model prefill (真机, 引擎侧 TTFT 下界)",199205.6,0.1421,cross-device (上界参考),分子 x86 CPU 容器，分母 a3-22 NPU；不得当作同装置结论
liteprof_v1_torch_uni_a321_chip15_20260914T2142Z,"encode@1024 (本机容器, ISL=1024)",1211.193,"Step:Model prefill (真机, 引擎侧 TTFT 下界)",199205.6,0.608,cross-device (上界参考),分子 x86 CPU 容器，分母 a3-22 NPU；不得当作同装置结论
liteprof_v1_torch_uni_a321_chip15_20260914T2142Z,"encode@8192 (本机容器, ISL=8192)",11830.349,"Step:Model prefill (真机, 引擎侧 TTFT 下界)",199205.6,5.9388,cross-device (上界参考),分子 x86 CPU 容器，分母 a3-22 NPU；不得当作同装置结论
liteprof_v1_torch_uni_a321_chip15_20260914T2142Z,"detokenize_stream_fast 稳定期/step (PSL≈1k, OSL=32)",0.0,"Step:Model decode (真机, 引擎侧 TPOT 下界)",422.4,0.0,cross-device (上界参考),分子只含「update + emit_text」的稳定期每步成本；不含首次 step（其 prompt 预热成本按请求摊销）
liteprof_v1_torch_uni_a321_chip15_20260914T2142Z,"detokenize_stream_fast 稳定期/step (PSL≈1k, OSL=256)",1.3726,"Step:Model decode (真机, 引擎侧 TPOT 下界)",422.4,0.325,cross-device (上界参考),分子只含「update + emit_text」的稳定期每步成本；不含首次 step（其 prompt 预热成本按请求摊销）
liteprof_v1_torch_uni_a321_chip15_20260914T2142Z,"detokenize_stream_fast 稳定期/step (PSL≈1k, OSL=1024)",1.3827,"Step:Model decode (真机, 引擎侧 TPOT 下界)",422.4,0.3273,cross-device (上界参考),分子只含「update + emit_text」的稳定期每步成本；不含首次 step（其 prompt 预热成本按请求摊销）
liteprof_v1_torch_uni_a321_chip15_20260914T2142Z,"detokenize_stream_slow 稳定期/step (PSL≈1k, OSL=32)",0.0,"Step:Model decode (真机, 引擎侧 TPOT 下界)",422.4,0.0,cross-device (上界参考),分子只含「update + emit_text」的稳定期每步成本；不含首次 step（其 prompt 预热成本按请求摊销）
liteprof_v1_torch_uni_a321_chip15_20260914T2142Z,"detokenize_stream_slow 稳定期/step (PSL≈1k, OSL=256)",1.4661,"Step:Model decode (真机, 引擎侧 TPOT 下界)",422.4,0.3471,cross-device (上界参考),分子只含「update + emit_text」的稳定期每步成本；不含首次 step（其 prompt 预热成本按请求摊销）
liteprof_v1_torch_uni_a321_chip15_20260914T2142Z,"detokenize_stream_slow 稳定期/step (PSL≈1k, OSL=1024)",1.4592,"Step:Model decode (真机, 引擎侧 TPOT 下界)",422.4,0.3455,cross-device (上界参考),分子只含「update + emit_text」的稳定期每步成本；不含首次 step（其 prompt 预热成本按请求摊销）
liteprof_v1_torch_uni_wide_a321_chip15_20260914T2158Z,tokenizer: encode (同装置同 run),484.3,http: create_completion (前端整请求),603184.1,0.0803,yes,同进程同装置，唯一可直接相除的一行
liteprof_v1_torch_uni_wide_a321_chip15_20260914T2158Z,tokenizer: encode (同装置同 run),484.3,Step:Model prefill (引擎侧 TTFT 下界),209060.8,0.2317,yes,跨进程但在同一台机器、同一次运行内
liteprof_v1_torch_uni_wide_a321_chip15_20260914T2158Z,"encode@128 (本机容器, ISL=128)",283.161,"Step:Model prefill (真机, 引擎侧 TTFT 下界)",209060.8,0.1354,cross-device (上界参考),分子 x86 CPU 容器，分母 a3-22 NPU；不得当作同装置结论
liteprof_v1_torch_uni_wide_a321_chip15_20260914T2158Z,"encode@1024 (本机容器, ISL=1024)",1211.193,"Step:Model prefill (真机, 引擎侧 TTFT 下界)",209060.8,0.5793,cross-device (上界参考),分子 x86 CPU 容器，分母 a3-22 NPU；不得当作同装置结论
liteprof_v1_torch_uni_wide_a321_chip15_20260914T2158Z,"encode@8192 (本机容器, ISL=8192)",11830.349,"Step:Model prefill (真机, 引擎侧 TTFT 下界)",209060.8,5.6588,cross-device (上界参考),分子 x86 CPU 容器，分母 a3-22 NPU；不得当作同装置结论
liteprof_v1_torch_uni_wide_a321_chip15_20260914T2158Z,"detokenize_stream_fast 稳定期/step (PSL≈1k, OSL=32)",0.0,"Step:Model decode (真机, 引擎侧 TPOT 下界)",425.3,0.0,cross-device (上界参考),分子只含「update + emit_text」的稳定期每步成本；不含首次 step（其 prompt 预热成本按请求摊销）
liteprof_v1_torch_uni_wide_a321_chip15_20260914T2158Z,"detokenize_stream_fast 稳定期/step (PSL≈1k, OSL=256)",1.3726,"Step:Model decode (真机, 引擎侧 TPOT 下界)",425.3,0.3227,cross-device (上界参考),分子只含「update + emit_text」的稳定期每步成本；不含首次 step（其 prompt 预热成本按请求摊销）
liteprof_v1_torch_uni_wide_a321_chip15_20260914T2158Z,"detokenize_stream_fast 稳定期/step (PSL≈1k, OSL=1024)",1.3827,"Step:Model decode (真机, 引擎侧 TPOT 下界)",425.3,0.3251,cross-device (上界参考),分子只含「update + emit_text」的稳定期每步成本；不含首次 step（其 prompt 预热成本按请求摊销）
liteprof_v1_torch_uni_wide_a321_chip15_20260914T2158Z,"detokenize_stream_slow 稳定期/step (PSL≈1k, OSL=32)",0.0,"Step:Model decode (真机, 引擎侧 TPOT 下界)",425.3,0.0,cross-device (上界参考),分子只含「update + emit_text」的稳定期每步成本；不含首次 step（其 prompt 预热成本按请求摊销）
liteprof_v1_torch_uni_wide_a321_chip15_20260914T2158Z,"detokenize_stream_slow 稳定期/step (PSL≈1k, OSL=256)",1.4661,"Step:Model decode (真机, 引擎侧 TPOT 下界)",425.3,0.3447,cross-device (上界参考),分子只含「update + emit_text」的稳定期每步成本；不含首次 step（其 prompt 预热成本按请求摊销）
liteprof_v1_torch_uni_wide_a321_chip15_20260914T2158Z,"detokenize_stream_slow 稳定期/step (PSL≈1k, OSL=1024)",1.4592,"Step:Model decode (真机, 引擎侧 TPOT 下界)",425.3,0.3431,cross-device (上界参考),分子只含「update + emit_text」的稳定期每步成本；不含首次 step（其 prompt 预热成本按请求摊销）
liteprof_v2_only_uni_wide_a321_chip15_20260914T2148Z,tokenizer: encode (同装置同 run),391.6,http: create_completion (前端整请求),305673.9,0.1281,yes,同进程同装置，唯一可直接相除的一行
liteprof_v2_only_uni_wide_a321_chip15_20260914T2148Z,tokenizer: encode (同装置同 run),391.6,Step:Model prefill (引擎侧 TTFT 下界),101029.4,0.3876,yes,跨进程但在同一台机器、同一次运行内
liteprof_v2_only_uni_wide_a321_chip15_20260914T2148Z,"encode@128 (本机容器, ISL=128)",283.161,"Step:Model prefill (真机, 引擎侧 TTFT 下界)",101029.4,0.2803,cross-device (上界参考),分子 x86 CPU 容器，分母 a3-22 NPU；不得当作同装置结论
liteprof_v2_only_uni_wide_a321_chip15_20260914T2148Z,"encode@1024 (本机容器, ISL=1024)",1211.193,"Step:Model prefill (真机, 引擎侧 TTFT 下界)",101029.4,1.1989,cross-device (上界参考),分子 x86 CPU 容器，分母 a3-22 NPU；不得当作同装置结论
liteprof_v2_only_uni_wide_a321_chip15_20260914T2148Z,"encode@8192 (本机容器, ISL=8192)",11830.349,"Step:Model prefill (真机, 引擎侧 TTFT 下界)",101029.4,11.7098,cross-device (上界参考),分子 x86 CPU 容器，分母 a3-22 NPU；不得当作同装置结论
liteprof_v2_only_uni_wide_a321_chip15_20260914T2148Z,"detokenize_stream_fast 稳定期/step (PSL≈1k, OSL=32)",0.0,"Step:Model decode (真机, 引擎侧 TPOT 下界)",240.4,0.0,cross-device (上界参考),分子只含「update + emit_text」的稳定期每步成本；不含首次 step（其 prompt 预热成本按请求摊销）
liteprof_v2_only_uni_wide_a321_chip15_20260914T2148Z,"detokenize_stream_fast 稳定期/step (PSL≈1k, OSL=256)",1.3726,"Step:Model decode (真机, 引擎侧 TPOT 下界)",240.4,0.571,cross-device (上界参考),分子只含「update + emit_text」的稳定期每步成本；不含首次 step（其 prompt 预热成本按请求摊销）
liteprof_v2_only_uni_wide_a321_chip15_20260914T2148Z,"detokenize_stream_fast 稳定期/step (PSL≈1k, OSL=1024)",1.3827,"Step:Model decode (真机, 引擎侧 TPOT 下界)",240.4,0.5752,cross-device (上界参考),分子只含「update + emit_text」的稳定期每步成本；不含首次 step（其 prompt 预热成本按请求摊销）
liteprof_v2_only_uni_wide_a321_chip15_20260914T2148Z,"detokenize_stream_slow 稳定期/step (PSL≈1k, OSL=32)",0.0,"Step:Model decode (真机, 引擎侧 TPOT 下界)",240.4,0.0,cross-device (上界参考),分子只含「update + emit_text」的稳定期每步成本；不含首次 step（其 prompt 预热成本按请求摊销）
liteprof_v2_only_uni_wide_a321_chip15_20260914T2148Z,"detokenize_stream_slow 稳定期/step (PSL≈1k, OSL=256)",1.4661,"Step:Model decode (真机, 引擎侧 TPOT 下界)",240.4,0.6099,cross-device (上界参考),分子只含「update + emit_text」的稳定期每步成本；不含首次 step（其 prompt 预热成本按请求摊销）
liteprof_v2_only_uni_wide_a321_chip15_20260914T2148Z,"detokenize_stream_slow 稳定期/step (PSL≈1k, OSL=1024)",1.4592,"Step:Model decode (真机, 引擎侧 TPOT 下界)",240.4,0.607,cross-device (上界参考),分子只含「update + emit_text」的稳定期每步成本；不含首次 step（其 prompt 预热成本按请求摊销）
